{
  "mean_error": 921699.9557894729,
  "std_error": 4592854.319011499,
  "q25_error": 513636.9799999999,
  "q50_error": 1377595.2300000004,
  "q75_error": 2515822.3419999983,
  "q95_error": 8744139.92879998
}