{
  "mean_error": 1059479.8427368412,
  "std_error": 5109138.3655145755,
  "q25_error": 199231.91999999993,
  "q50_error": 1132611.0200000033,
  "q75_error": 2511200.2759999987,
  "q95_error": 9113093.322399976
}