{
  "model_info": {
    "type": "random_forest",
    "n_features": 32,
    "n_samples": 93,
    "train_size": 55,
    "val_size": 19,
    "test_size": 19
  },
  "test_metrics": {
    "mae": 2609018.474526315,
    "rmse": 4684425.429459295,
    "r2": 0.9351767971919848,
    "mape": 34.337618075967775,
    "max_error": 16978077.990000002,
    "median_error": 1377595.2300000004
  },
  "error_statistics": {
    "mean_error": 921699.9557894729,
    "std_error": 4592854.319011499,
    "q25_error": 513636.9799999999,
    "q50_error": 1377595.2300000004,
    "q75_error": 2515822.3419999983,
    "q95_error": 8744139.92879998
  },
  "performance_summary": {
    "excellent": true,
    "good": false,
    "acceptable": false,
    "poor": false,
    "mape_acceptable": "False"
  }
}