{
  "model_info": {
    "type": "random_forest",
    "n_features": 54,
    "n_samples": 93,
    "train_size": 55,
    "val_size": 19,
    "test_size": 19
  },
  "test_metrics": {
    "mae": 2659393.0629473687,
    "rmse": 5217834.069337452,
    "r2": 0.9195736511145999,
    "mape": 29.681427506016796,
    "max_error": 19175890.96,
    "median_error": 1132611.0200000033
  },
  "error_statistics": {
    "mean_error": 1059479.8427368412,
    "std_error": 5109138.3655145755,
    "q25_error": 199231.91999999993,
    "q50_error": 1132611.0200000033,
    "q75_error": 2511200.2759999987,
    "q95_error": 9113093.322399976
  },
  "performance_summary": {
    "excellent": true,
    "good": false,
    "acceptable": false,
    "poor": false,
    "mape_acceptable": "False"
  }
}