{
  "linear_regression": {
    "train_metrics": {
      "mae": 1583031.1485104298,
      "rmse": 2059849.5156929085,
      "r2": 0.9861066197483777,
      "mape": 36.37722243613467
    },
    "val_metrics": {
      "mae": 7072135.197646955,
      "rmse": 10128972.199631868,
      "r2": 0.4414631085906703,
      "mape": 347.74288917866335
    }
  },
  "ridge": {
    "train_metrics": {
      "mae": 1931579.0223619197,
      "rmse": 2512201.1614324553,
      "r2": 0.9793345075467272,
      "mape": 39.44725622613372
    },
    "val_metrics": {
      "mae": 4756712.615055554,
      "rmse": 7104133.565225509,
      "r2": 0.7252464317432591,
      "mape": 228.04464921164998
    }
  },
  "lasso": {
    "train_metrics": {
      "mae": 1579031.3982876916,
      "rmse": 2060769.7904809257,
      "r2": 0.9860942027406349,
      "mape": 35.99659520609645
    },
    "val_metrics": {
      "mae": 6903697.8421662785,
      "rmse": 9837704.278187292,
      "r2": 0.47312373789878215,
      "mape": 334.7946261519207
    }
  },
  "elastic_net": {
    "train_metrics": {
      "mae": 2278489.875978585,
      "rmse": 2973044.119680053,
      "r2": 0.9710572600145584,
      "mape": 53.822140737094706
    },
    "val_metrics": {
      "mae": 3891086.657458088,
      "rmse": 5842318.866865955,
      "r2": 0.8141803582658367,
      "mape": 201.24976910089006
    }
  },
  "random_forest": {
    "train_metrics": {
      "mae": 1525887.2238545457,
      "rmse": 3159082.4376959954,
      "r2": 0.9673217453251738,
      "mape": 16.621698759797273
    },
    "val_metrics": {
      "mae": 1111082.2531578958,
      "rmse": 1617507.4897968024,
      "r2": 0.9857565988487648,
      "mape": 26.72057315491379
    }
  },
  "xgboost": {
    "train_metrics": {
      "mae": 81775.34704545452,
      "rmse": 138110.1413789838,
      "r2": 0.9999375419998441,
      "mape": 1.8102791555658901
    },
    "val_metrics": {
      "mae": 1484304.4703947369,
      "rmse": 1849866.1054462383,
      "r2": 0.9813704787085427,
      "mape": 30.26081804142253
    }
  },
  "lightgbm": {
    "train_metrics": {
      "mae": 5707784.336721625,
      "rmse": 9883143.156468293,
      "r2": 0.6801641755217254,
      "mape": 101.1554211129351
    },
    "val_metrics": {
      "mae": 6380731.421017321,
      "rmse": 9627817.433822956,
      "r2": 0.4953656628691405,
      "mape": 142.98009935440697
    }
  }
}