{
  "linear_regression": {
    "train_metrics": {
      "mae": 2534978.2788303024,
      "rmse": 3757508.338733111,
      "r2": 0.953768621745615,
      "mape": 66.75550748606123
    },
    "val_metrics": {
      "mae": 4332227.7869418375,
      "rmse": 6080955.184588459,
      "r2": 0.7986902957523977,
      "mape": 195.0572399661212
    }
  },
  "ridge": {
    "train_metrics": {
      "mae": 2606185.513351261,
      "rmse": 3939160.4212143677,
      "r2": 0.9491905761676391,
      "mape": 64.6507682849091
    },
    "val_metrics": {
      "mae": 2946300.2724822666,
      "rmse": 3999754.3225520467,
      "r2": 0.9129061000507861,
      "mape": 129.83472676863857
    }
  },
  "lasso": {
    "train_metrics": {
      "mae": 2535095.5857717255,
      "rmse": 3757510.1904204874,
      "r2": 0.9537685761802708,
      "mape": 66.75844592632379
    },
    "val_metrics": {
      "mae": 4325567.81112543,
      "rmse": 6072479.776103901,
      "r2": 0.7992510606050417,
      "mape": 194.69059213891006
    }
  },
  "elastic_net": {
    "train_metrics": {
      "mae": 2707104.7775381263,
      "rmse": 4175847.5786219733,
      "r2": 0.9429013012238053,
      "mape": 63.02092526320451
    },
    "val_metrics": {
      "mae": 2399353.269379118,
      "rmse": 3284275.6178253912,
      "r2": 0.9412780731646301,
      "mape": 107.90446222199779
    }
  },
  "random_forest": {
    "train_metrics": {
      "mae": 1557232.055963636,
      "rmse": 3242643.550047585,
      "r2": 0.9655701320478466,
      "mape": 15.950983421378162
    },
    "val_metrics": {
      "mae": 1133531.4042105265,
      "rmse": 1678677.4168261366,
      "r2": 0.9846589317824925,
      "mape": 27.55446696172602
    }
  },
  "xgboost": {
    "train_metrics": {
      "mae": 89239.19249999998,
      "rmse": 148189.38914272105,
      "r2": 0.9999280930032688,
      "mape": 2.2891002003231975
    },
    "val_metrics": {
      "mae": 1504721.6907894737,
      "rmse": 1861241.9501077058,
      "r2": 0.9811406478400674,
      "mape": 31.042674642472434
    }
  },
  "lightgbm": {
    "train_metrics": {
      "mae": 5707784.336721625,
      "rmse": 9883143.156468293,
      "r2": 0.6801641755217254,
      "mape": 101.1554211129351
    },
    "val_metrics": {
      "mae": 6380731.421017321,
      "rmse": 9627817.433822956,
      "r2": 0.4953656628691405,
      "mape": 142.98009935440697
    }
  }
}